Division,Date,Team 1,Team 2
Indie League East,2026-03-01,Team Falcon,Team Harbor
Indie League East,2026-03-01,Team Comet,Team Vortex
Indie League East,2026-03-08,Team Falcon,Team Comet
Indie League East,2026-03-08,Team Harbor,Team Vortex
Indie League East,2026-03-15,Team Falcon,Team Vortex
Indie League East,2026-03-15,Team Harbor,Team Comet
Indie League West,2026-03-02,Team Summit,Team Canyon
Indie League West,2026-03-02,Team Drift,Team Blaze
Indie League West,2026-03-09,Team Summit,Team Drift
Indie League West,2026-03-09,Team Canyon,Team Blaze
Indie League West,2026-03-16,Team Summit,Team Blaze
Indie League West,2026-03-16,Team Canyon,Team Drift
